timestamp,label,tileset,mode,sse,frames,width,height,numSplats,shDegree,frameMedian,frameMean,frameP95,cpuMedian,cpuMean,cpuP95,gpuMedian,gpuMean,gpuP95,gpuSamples,tileLoadMs,sortRequests,dataGenerations
2026-08-22T01:29:48.749Z,control-empty,/splat-data/oracle-run/geo-newdefault/tileset.json,orbit,16,120,1920,1080,,,6.000,6.035,6.300,0.300,0.340,0.500,0.118,0.118,0.120,120,0.0,,
2026-08-22T01:30:07.493Z,smoke-geo,/splat-data/oracle-run/geo-newdefault/tileset.json,orbit,8,120,1920,1080,1126691,3,11.400,14.707,18.300,1.000,2.810,6.900,4.421,4.469,4.719,120,3136.5,25,1
2026-08-22T01:31:08.627Z,control-empty,/splat-data/oracle-run/geo-newdefault/tileset.json,orbit,16,200,0,0,,,,,,,,,,,,0,0.0,,
2026-08-22T01:31:13.970Z,geo-sse32,/splat-data/oracle-run/geo-newdefault/tileset.json,orbit,32,200,1920,1080,169116,3,9.000,9.021,9.800,0.900,1.068,1.700,1.723,1.728,1.768,200,569.3,67,0
2026-08-22T01:31:20.940Z,geo-sse16,/splat-data/oracle-run/geo-newdefault/tileset.json,orbit,16,200,1920,1080,545605,3,10.900,10.901,12.600,1.100,1.607,3.100,3.232,3.053,3.432,200,1441.4,67,0
2026-08-22T01:31:31.293Z,geo-sse8,/splat-data/oracle-run/geo-newdefault/tileset.json,orbit,8,200,1920,1080,1025974,3,11.900,14.655,22.400,1.000,2.645,6.700,4.488,4.597,4.766,200,3098.2,44,2
2026-08-22T01:31:45.200Z,geo-sse4,/splat-data/oracle-run/geo-newdefault/tileset.json,orbit,4,200,1920,1080,1929318,3,13.100,16.829,23.600,1.300,3.448,10.900,5.333,5.369,5.804,200,4846.0,33,1
2026-08-22T01:32:01.081Z,geo-sse2,/splat-data/oracle-run/geo-newdefault/tileset.json,orbit,2,200,1920,1080,2940991,3,13.500,19.699,28.900,1.200,4.231,15.300,5.559,5.867,6.866,200,7579.6,25,1
2026-08-22T01:32:12.492Z,geo-static,/splat-data/oracle-run/geo-newdefault/tileset.json,static,4,200,1920,1080,2087136,3,10.700,10.699,11.100,0.800,0.829,1.000,4.090,4.088,4.097,200,4956.1,0,0
2026-08-22T01:32:25.541Z,geo-orbit-slow,/splat-data/oracle-run/geo-newdefault/tileset.json,orbit,4,200,1920,1080,2049998,3,12.300,16.390,23.400,1.100,3.217,10.800,5.160,5.344,5.697,200,4886.0,32,1
2026-08-22T01:32:38.735Z,geo-orbit-fast,/splat-data/oracle-run/geo-newdefault/tileset.json,orbit,4,200,1920,1080,1955569,3,12.400,16.382,23.500,1.200,3.346,10.700,5.210,5.297,5.888,200,4873.5,33,1
2026-08-22T01:33:07.000Z,geo-sse4-2160p,/splat-data/oracle-run/geo-newdefault/tileset.json,orbit,4,200,3840,2160,2940991,3,54.800,56.987,61.000,3.500,7.664,15.500,17.827,18.093,18.606,200,9795.9,66,1
2026-08-22T01:33:16.582Z,geo-sse4-720p,/splat-data/oracle-run/geo-newdefault/tileset.json,orbit,4,200,1280,720,1840345,3,6.600,8.325,16.300,0.600,1.670,9.200,2.950,2.952,3.351,200,4218.5,22,0
2026-08-22T01:33:32.442Z,geo-sse4-close,/splat-data/oracle-run/geo-newdefault/tileset.json,orbit,4,200,1920,1080,2519379,3,14.300,18.806,27.300,1.200,3.682,13.300,7.212,7.351,7.929,200,7540.7,26,1
2026-08-22T01:33:43.326Z,geo-sse4-far,/splat-data/oracle-run/geo-newdefault/tileset.json,orbit,4,200,1920,1080,1275085,3,10.200,12.987,17.900,0.900,2.651,7.400,2.578,2.975,3.785,200,3435.4,35,2
2026-08-22T01:33:48.154Z,bike-sse16,/splat-data/oracle-run/bike-newdefault/tileset.json,orbit,16,200,1920,1080,109200,3,7.200,7.198,7.700,0.800,0.843,1.200,0.772,0.772,0.811,200,589.8,67,0
2026-08-22T01:33:55.131Z,bike-sse4,/splat-data/oracle-run/bike-newdefault/tileset.json,orbit,4,200,1920,1080,617167,3,9.300,10.336,13.200,1.000,1.736,3.900,2.191,2.215,2.528,200,1813.2,50,1
2026-08-22T01:34:05.474Z,bikek050-sse4,/splat-data/oracle-run/bike-k050/tileset.json,orbit,4,200,1920,1080,1307115,3,9.300,10.515,16.100,0.800,1.955,7.000,2.142,2.333,2.948,200,4238.9,34,0
2026-08-22T01:38:44.891Z,geo-sse4-instrumented,/splat-data/oracle-run/geo-newdefault/tileset.json,orbit,4,300,1920,1080,1929318,3,12.000,15.346,22.600,1.000,2.912,10.200,5.046,5.070,5.495,300,4714.6,48,1
2026-08-22T01:47:32.935Z,geo-sse4-sortcache,/splat-data/oracle-run/geo-newdefault/tileset.json,orbit,4,300,1920,1080,1929318,3,11.400,13.041,15.500,1.000,1.534,2.200,4.217,4.257,4.694,300,5037.1,42,1
2026-08-22T01:54:43.902Z,geo-sse4-transfer,/splat-data/oracle-run/geo-newdefault/tileset.json,orbit,4,300,1920,1080,1929318,3,11.500,12.787,13.700,1.000,1.577,2.500,4.115,4.198,4.562,300,5262.1,43,1
2026-08-22T02:00:42.449Z,geo-sse4-p3-r1,/splat-data/oracle-run/geo-newdefault/tileset.json,orbit,4,300,1920,1080,1929318,3,10.900,12.334,12.800,1.000,1.518,2.400,4.123,4.205,4.561,300,4915.1,42,1
2026-08-22T02:00:56.596Z,geo-sse4-p3-r2,/splat-data/oracle-run/geo-newdefault/tileset.json,orbit,4,300,1920,1080,1886507,3,10.900,13.337,13.800,1.000,1.850,2.500,4.123,4.252,4.549,300,4961.8,41,2
2026-08-22T02:01:11.398Z,geo-sse4-p3-r3,/splat-data/oracle-run/geo-newdefault/tileset.json,orbit,4,300,1920,1080,1929318,3,11.000,12.385,12.900,0.900,1.536,2.600,4.167,4.247,4.607,300,5147.2,43,1
2026-08-22T02:04:36.421Z,geo-sse4-p4-r1,/splat-data/oracle-run/geo-newdefault/tileset.json,orbit,4,300,1920,1080,1929318,3,12.000,12.718,13.400,1.100,1.643,2.500,4.359,4.358,4.823,300,5078.0,49,1
2026-08-22T02:04:50.105Z,geo-sse4-p4-r2,/splat-data/oracle-run/geo-newdefault/tileset.json,orbit,4,300,1920,1080,1929318,3,11.000,12.139,13.000,1.000,1.495,2.400,4.139,4.220,4.583,300,4905.3,43,1
2026-08-22T02:05:03.810Z,geo-sse4-p4-r3,/splat-data/oracle-run/geo-newdefault/tileset.json,orbit,4,300,1920,1080,1929318,3,10.900,12.137,12.700,0.900,1.468,2.400,4.164,4.242,4.603,300,4861.3,42,1
2026-08-22T02:05:56.334Z,attrib-base-r1,/splat-data/oracle-run/geo-newdefault/tileset.json,orbit,4,300,1920,1080,1929318,3,11.000,12.063,13.200,0.900,1.473,2.300,4.137,4.220,4.584,300,5068.2,43,1
2026-08-22T02:06:09.900Z,attrib-base-r2,/splat-data/oracle-run/geo-newdefault/tileset.json,orbit,4,300,1920,1080,1929318,3,11.000,12.124,12.700,0.900,1.489,2.400,4.150,4.236,4.584,300,5009.9,43,1
2026-08-22T02:06:28.872Z,attrib-no-sh-r1,/splat-data/oracle-run/geo-newdefault/tileset.json,orbit,4,300,1920,1080,1929318,3,11.000,12.138,12.600,1.000,1.581,2.400,4.130,4.181,4.569,300,4989.0,42,1
2026-08-22T02:06:42.665Z,attrib-no-sh-r2,/splat-data/oracle-run/geo-newdefault/tileset.json,orbit,4,300,1920,1080,1929318,3,10.900,12.050,12.600,0.900,1.488,2.400,4.139,4.188,4.580,300,5106.0,42,1
2026-08-22T02:07:01.796Z,attrib-tiny-quads-r1,/splat-data/oracle-run/geo-newdefault/tileset.json,orbit,4,300,1920,1080,1929318,3,10.000,11.184,12.100,1.000,1.580,2.400,3.053,3.155,3.486,300,5137.4,42,1
2026-08-22T02:07:15.066Z,attrib-tiny-quads-r2,/splat-data/oracle-run/geo-newdefault/tileset.json,orbit,4,300,1920,1080,1929318,3,10.000,11.225,12.000,1.000,1.583,2.500,3.064,3.163,3.493,300,5040.9,42,1
2026-08-22T02:07:34.573Z,attrib-no-sh-tiny-quads-r1,/splat-data/oracle-run/geo-newdefault/tileset.json,orbit,4,300,1920,1080,1929318,3,9.800,11.277,14.200,1.000,1.535,2.400,2.583,2.959,4.766,300,5102.6,43,1
2026-08-22T02:07:48.641Z,attrib-no-sh-tiny-quads-r2,/splat-data/oracle-run/geo-newdefault/tileset.json,orbit,4,300,1920,1080,1929318,3,9.800,11.027,14.000,0.900,1.506,2.500,2.693,2.777,4.727,300,4975.5,40,1
2026-08-22T02:09:46.313Z,attrib-pos-only-r1,/splat-data/oracle-run/geo-newdefault/tileset.json,orbit,4,300,1920,1080,1929318,3,9.800,11.141,13.300,1.000,1.524,2.300,2.614,2.897,3.957,300,5092.3,41,1
2026-08-22T02:10:00.127Z,attrib-pos-only-r2,/splat-data/oracle-run/geo-newdefault/tileset.json,orbit,4,300,1920,1080,1929318,3,9.800,11.175,13.500,0.900,1.468,2.300,2.627,2.897,3.893,300,5039.3,40,1
2026-08-22T02:11:19.351Z,draw-base-r1,/splat-data/oracle-run/geo-newdefault/tileset.json,orbit,4,300,1920,1080,1929318,3,9.700,10.923,12.900,0.900,1.472,2.500,2.732,2.823,3.857,300,5065.6,39,1
2026-08-22T02:11:33.295Z,draw-base-r2,/splat-data/oracle-run/geo-newdefault/tileset.json,orbit,4,300,1920,1080,1929318,3,9.600,10.914,13.200,0.900,1.464,2.400,2.614,2.881,3.883,300,5054.5,40,1
2026-08-22T02:11:52.105Z,draw-half-instances-r1,/splat-data/oracle-run/geo-newdefault/tileset.json,orbit,4,300,1920,1080,1929318,3,11.100,12.402,13.900,1.000,1.591,2.500,2.937,3.113,4.242,300,5082.1,43,1
2026-08-22T02:12:06.125Z,draw-half-instances-r2,/splat-data/oracle-run/geo-newdefault/tileset.json,orbit,4,300,1920,1080,1929318,3,11.000,12.173,13.300,1.000,1.533,2.500,2.869,3.106,4.298,300,4963.6,43,1
2026-08-22T02:12:24.648Z,draw-two-verts-r1,/splat-data/oracle-run/geo-newdefault/tileset.json,orbit,4,300,1920,1080,1929318,3,9.800,11.362,14.000,0.900,1.515,2.400,1.489,1.746,2.786,300,5084.6,40,1
2026-08-22T02:12:37.661Z,draw-two-verts-r2,/splat-data/oracle-run/geo-newdefault/tileset.json,orbit,4,300,1920,1080,1929318,3,9.700,11.084,13.400,1.000,1.498,2.400,1.474,1.682,2.759,300,5005.1,41,1
2026-08-22T02:16:15.255Z,draw-count-probe,/splat-data/oracle-run/geo-newdefault/tileset.json,orbit,4,120,1920,1080,2049998,3,11.100,11.411,12.800,1.000,1.210,2.500,4.161,4.238,4.612,120,5071.7,17,0
2026-08-22T02:18:09.744Z,vs-null-r1,/splat-data/oracle-run/geo-newdefault/tileset.json,orbit,4,300,1920,1080,1929318,3,10.300,11.446,13.700,0.900,1.527,2.400,2.552,2.921,3.863,300,5144.7,43,1
2026-08-22T02:18:22.476Z,vs-null-r2,/splat-data/oracle-run/geo-newdefault/tileset.json,orbit,4,300,1920,1080,1929318,3,9.700,11.102,13.500,0.900,1.415,2.300,2.550,2.803,3.859,300,5019.2,43,1
2026-08-22T02:18:43.211Z,vs-index-r1,/splat-data/oracle-run/geo-newdefault/tileset.json,orbit,4,300,1920,1080,1929318,3,9.800,11.214,13.700,0.900,1.474,2.400,2.674,2.924,3.960,300,5513.0,39,1
2026-08-22T02:18:57.050Z,vs-index-r2,/splat-data/oracle-run/geo-newdefault/tileset.json,orbit,4,300,1920,1080,1929318,3,9.900,11.302,13.600,0.900,1.467,2.300,2.729,2.988,3.956,300,5035.5,44,1
2026-08-22T02:19:16.126Z,vs-base-r1,/splat-data/oracle-run/geo-newdefault/tileset.json,orbit,4,300,1920,1080,1929318,3,11.500,12.617,13.500,1.000,1.584,2.500,4.132,4.224,4.574,300,4864.7,44,1
2026-08-22T02:19:30.451Z,vs-base-r2,/splat-data/oracle-run/geo-newdefault/tileset.json,orbit,4,300,1920,1080,1929318,3,11.000,12.158,12.600,0.900,1.533,2.400,4.147,4.227,4.584,300,5004.4,43,1
2026-08-22T03:02:31.022Z,flat-base,/splat-data/oracle-run/geo-newdefault/tileset.json,orbit,4,200,1920,1080,1929318,3,9.600,11.418,13.500,1.000,1.679,2.400,2.511,2.729,3.704,200,5101.7,25,1
2026-08-22T03:02:48.678Z,flat-flat-strip,/splat-data/oracle-run/geo-newdefault/tileset.json,orbit,4,200,1920,1080,1929318,3,9.700,11.619,15.700,1.000,1.770,2.500,1.506,1.815,2.819,200,5075.8,27,1
2026-08-22T03:03:06.281Z,flat-flat-triangles,/splat-data/oracle-run/geo-newdefault/tileset.json,orbit,4,200,1920,1080,1929318,3,9.700,11.456,14.600,1.000,1.699,2.500,1.506,1.801,2.811,200,5035.7,26,1
2026-08-22T11:06:27.104Z,geo-sse4-flat-r1,/splat-data/oracle-run/geo-newdefault/tileset.json,orbit,4,300,1920,1080,1929318,3,10.000,11.614,14.700,1.000,1.571,2.600,1.561,2.044,2.900,300,5113.4,42,1
2026-08-22T11:06:40.264Z,geo-sse4-flat-r2,/splat-data/oracle-run/geo-newdefault/tileset.json,orbit,4,300,1920,1080,1929318,3,9.600,11.305,14.200,0.900,1.456,2.300,1.537,1.977,2.867,300,4965.8,41,1
2026-08-22T11:07:46.164Z,geo-sse4-flat-r3,/splat-data/oracle-run/geo-newdefault/tileset.json,orbit,4,300,1920,1080,1929318,3,9.700,11.416,13.900,1.000,1.533,2.400,1.526,2.012,2.848,300,5096.6,41,1
2026-08-22T11:14:15.113Z,post-base,/splat-data/oracle-run/geo-newdefault/tileset.json,orbit,4,200,1920,1080,1929318,3,11.100,12.648,13.300,1.000,1.744,2.500,4.123,4.232,4.569,200,5080.2,28,1
2026-08-22T11:14:27.908Z,post-nofxaa,/splat-data/oracle-run/geo-newdefault/tileset.json,orbit,4,200,1920,1080,1929318,3,11.100,12.723,14.200,1.000,1.759,2.700,4.144,4.257,4.593,200,5094.2,29,1
2026-08-22T11:14:40.595Z,post-nofxaa-nohdr,/splat-data/oracle-run/geo-newdefault/tileset.json,orbit,4,200,1920,1080,1929318,3,11.100,12.627,14.100,0.900,1.632,2.400,4.157,4.269,4.597,200,5007.5,29,1
2026-08-22T11:14:44.320Z,post-empty,/splat-data/oracle-run/geo-newdefault/tileset.json,orbit,16,200,1920,1080,,,5.900,6.064,7.100,0.300,0.323,0.400,0.121,0.121,0.125,200,0.0,,
2026-08-22T11:15:33.182Z,floor-one-instance-r1,/splat-data/oracle-run/geo-newdefault/tileset.json,orbit,4,200,1920,1080,2049998,3,9.500,10.644,13.100,0.900,1.546,2.300,1.535,1.830,2.836,200,5036.8,24,1
2026-08-22T11:15:45.718Z,floor-one-instance-r2,/splat-data/oracle-run/geo-newdefault/tileset.json,orbit,4,200,1920,1080,2049998,3,9.600,10.813,13.300,0.900,1.593,2.400,1.495,1.807,2.836,200,5049.3,24,1
2026-08-22T11:16:39.316Z,floor-1280x720,/splat-data/oracle-run/geo-newdefault/tileset.json,orbit,4,200,1280,720,1840345,3,5.900,6.346,9.300,0.500,0.660,1.800,0.907,1.129,3.388,200,4399.0,20,0
2026-08-22T11:16:51.636Z,floor-1920x1080,/splat-data/oracle-run/geo-newdefault/tileset.json,orbit,4,200,1920,1080,1929318,3,9.800,11.901,15.200,1.000,1.795,2.600,1.495,2.040,2.831,200,5098.1,27,1
2026-08-22T11:17:09.577Z,floor-2560x1440,/splat-data/oracle-run/geo-newdefault/tileset.json,orbit,4,200,2560,1440,2940991,3,19.800,23.711,24.800,1.400,3.197,3.800,2.660,3.323,4.507,200,8116.7,34,1
2026-08-22T11:18:26.442Z,msaa4-r1,/splat-data/oracle-run/geo-newdefault/tileset.json,orbit,4,200,1920,1080,1929318,3,11.200,12.764,13.400,1.000,1.752,2.600,4.146,4.258,4.595,200,5140.9,28,1
2026-08-22T11:18:39.472Z,msaa4-r2,/splat-data/oracle-run/geo-newdefault/tileset.json,orbit,4,200,1920,1080,1929318,3,11.000,12.546,14.200,1.000,1.762,2.500,4.150,4.264,4.589,200,4898.6,29,1
2026-08-22T11:18:51.672Z,msaa1-r1,/splat-data/oracle-run/geo-newdefault/tileset.json,orbit,4,200,1920,1080,1929318,3,10.400,11.951,12.800,1.000,1.689,2.300,3.739,3.854,4.187,200,4856.7,28,1
2026-08-22T11:19:04.688Z,msaa1-r2,/splat-data/oracle-run/geo-newdefault/tileset.json,orbit,4,200,1920,1080,1929318,3,10.800,12.353,13.100,1.000,1.807,2.700,3.741,3.857,4.177,200,5051.8,28,1
2026-08-22T11:19:17.808Z,msaa2-r1,/splat-data/oracle-run/geo-newdefault/tileset.json,orbit,4,200,1920,1080,2010001,3,10.900,12.511,13.000,1.000,1.795,2.500,3.909,4.044,4.337,200,5123.3,28,1
2026-08-22T11:19:30.885Z,msaa2-r2,/splat-data/oracle-run/geo-newdefault/tileset.json,orbit,4,200,1920,1080,1929318,3,10.400,11.974,12.400,1.000,1.684,2.300,3.719,3.874,4.238,200,4974.4,28,1
2026-08-22T11:30:18.779Z,mx-full-msaa4,/splat-data/oracle-run/geo-newdefault/tileset.json,orbit,4,200,1920,1080,1929318,3,11.100,12.622,13.200,1.000,1.724,2.600,4.123,4.233,4.568,200,5027.3,28,1
2026-08-22T11:30:31.395Z,mx-full-msaa1,/splat-data/oracle-run/geo-newdefault/tileset.json,orbit,4,200,1920,1080,1929318,3,10.500,12.037,12.700,1.000,1.760,2.400,3.721,3.826,4.150,200,5008.1,28,1
2026-08-22T11:30:49.063Z,mx-one-msaa4,/splat-data/oracle-run/geo-newdefault/tileset.json,orbit,4,200,1920,1080,2049998,3,9.600,10.775,13.600,1.000,1.622,2.400,1.508,1.805,2.840,200,4904.6,25,1
2026-08-22T11:31:01.544Z,mx-one-msaa1,/splat-data/oracle-run/geo-newdefault/tileset.json,orbit,4,200,1920,1080,1929318,3,9.900,12.270,14.700,0.900,1.644,2.300,0.776,1.586,3.319,200,4954.2,29,1
2026-08-22T11:31:19.252Z,mx-nodraw-msaa4,/splat-data/oracle-run/geo-newdefault/tileset.json,orbit,4,200,1920,1080,1929318,3,10.500,11.675,13.900,0.900,1.581,2.300,1.558,1.422,1.999,200,4859.0,26,1
2026-08-22T11:31:31.082Z,mx-nodraw-msaa1,/splat-data/oracle-run/geo-newdefault/tileset.json,orbit,4,200,1920,1080,1929318,3,10.400,11.878,14.200,0.900,1.603,2.200,1.145,1.163,1.168,200,4882.3,28,1
2026-08-22T11:31:34.825Z,mx-empty-msaa4,/splat-data/oracle-run/geo-newdefault/tileset.json,orbit,4,200,1920,1080,,,6.000,6.066,6.700,0.300,0.280,0.400,0.110,0.116,0.126,200,0.0,,
2026-08-22T11:31:38.589Z,mx-empty-msaa1,/splat-data/oracle-run/geo-newdefault/tileset.json,orbit,4,200,1920,1080,,,5.800,5.989,6.900,0.300,0.280,0.400,0.070,0.069,0.071,200,0.0,,
2026-08-22T11:33:37.711Z,f3-nodraw-1280x720-m4,/splat-data/oracle-run/geo-newdefault/tileset.json,orbit,4,400,1280,720,1840345,3,5.500,5.866,7.200,0.400,0.567,1.600,0.805,0.828,1.038,400,4358.5,37,0
2026-08-22T11:33:47.812Z,f3-nodraw-1280x720-m1,/splat-data/oracle-run/geo-newdefault/tileset.json,orbit,4,400,1280,720,1840345,3,5.400,5.740,7.100,0.400,0.564,1.700,0.607,0.632,0.956,400,4299.8,37,0
2026-08-22T11:34:01.304Z,f3-nodraw-1920x1080-m4,/splat-data/oracle-run/geo-newdefault/tileset.json,orbit,4,400,1920,1080,1929318,3,10.700,11.390,14.100,0.900,1.345,2.200,1.565,1.449,2.012,400,4950.6,55,1
2026-08-22T11:34:15.326Z,f3-nodraw-1920x1080-m1,/splat-data/oracle-run/geo-newdefault/tileset.json,orbit,4,400,1920,1080,1929318,3,10.500,11.511,14.200,0.900,1.333,2.300,1.156,1.177,1.242,400,4974.3,56,1
2026-08-22T11:34:38.198Z,f3-nodraw-2560x1440-m4,/splat-data/oracle-run/geo-newdefault/tileset.json,orbit,4,400,2560,1440,2940991,3,22.100,22.096,25.000,1.200,1.643,3.600,2.820,2.903,3.289,400,7942.7,79,0
2026-08-22T11:35:00.394Z,f3-nodraw-2560x1440-m1,/splat-data/oracle-run/geo-newdefault/tileset.json,orbit,4,400,2560,1440,2940991,3,20.900,21.801,23.800,1.200,2.160,3.400,1.845,1.900,2.300,400,8178.5,67,1
2026-08-22T11:35:14.567Z,f3-noupdate-1280x720-m4,/splat-data/oracle-run/geo-newdefault/tileset.json,orbit,4,400,1280,720,0,,5.300,5.217,6.200,0.400,0.406,0.600,0.787,0.708,1.238,400,4177.7,0,0
2026-08-22T11:35:23.526Z,f3-noupdate-1280x720-m1,/splat-data/oracle-run/geo-newdefault/tileset.json,orbit,4,400,1280,720,0,,5.400,5.495,6.000,0.400,0.409,0.600,0.599,0.640,1.044,400,4142.1,0,0
2026-08-22T11:35:36.115Z,f3-noupdate-1920x1080-m4,/splat-data/oracle-run/geo-newdefault/tileset.json,orbit,4,400,1920,1080,0,,9.500,9.770,11.500,0.800,0.853,1.000,0.793,1.171,1.913,400,4876.4,0,0
2026-08-22T11:35:49.017Z,f3-noupdate-1920x1080-m1,/splat-data/oracle-run/geo-newdefault/tileset.json,orbit,4,400,1920,1080,0,,10.000,10.039,10.900,0.800,0.777,1.000,1.129,1.131,1.568,400,4806.0,0,0
2026-08-22T11:36:09.953Z,f3-noupdate-2560x1440-m4,/splat-data/oracle-run/geo-newdefault/tileset.json,orbit,4,400,2560,1440,0,,22.000,21.273,23.200,1.000,0.996,1.300,2.812,2.891,3.278,400,7254.0,0,0
2026-08-22T11:36:29.741Z,f3-noupdate-2560x1440-m1,/splat-data/oracle-run/geo-newdefault/tileset.json,orbit,4,400,2560,1440,0,,20.400,20.383,22.000,1.000,0.998,1.300,1.845,1.886,2.295,400,7060.8,0,0
2026-08-22T11:38:55.408Z,oit-base-r1,/splat-data/oracle-run/geo-newdefault/tileset.json,orbit,4,400,1920,1080,1929318,3,11.000,11.854,12.600,1.000,1.447,2.400,4.120,4.176,4.563,400,4981.3,59,1
2026-08-22T11:39:09.598Z,oit-base-r2,/splat-data/oracle-run/geo-newdefault/tileset.json,orbit,4,400,1920,1080,1929318,3,11.000,11.958,12.700,0.900,1.393,2.400,4.135,4.196,4.576,400,4937.1,57,1
2026-08-22T11:39:24.124Z,oit-nooit-r1,/splat-data/oracle-run/geo-newdefault/tileset.json,orbit,4,400,1920,1080,1929318,3,11.000,11.996,13.000,0.900,1.432,2.300,4.163,4.218,4.605,400,5041.7,58,1
2026-08-22T11:39:39.260Z,oit-nooit-r2,/splat-data/oracle-run/geo-newdefault/tileset.json,orbit,4,400,1920,1080,1929318,3,11.000,11.946,12.800,0.900,1.425,2.500,4.164,4.224,4.604,400,5114.4,58,1
2026-08-22T11:39:53.992Z,oit-msaa1-r1,/splat-data/oracle-run/geo-newdefault/tileset.json,orbit,4,400,1920,1080,1929318,3,10.500,11.434,12.400,0.900,1.437,2.400,3.659,3.739,4.120,400,5071.2,57,1
2026-08-22T11:40:08.799Z,oit-msaa1-r2,/splat-data/oracle-run/geo-newdefault/tileset.json,orbit,4,400,1920,1080,1929318,3,10.300,11.275,12.100,0.900,1.358,2.300,3.650,3.693,4.074,400,4860.2,55,1
2026-08-22T11:40:24.186Z,oit-nooit+msaa1-r1,/splat-data/oracle-run/geo-newdefault/tileset.json,orbit,4,400,1920,1080,1929318,3,10.300,11.244,12.200,0.900,1.362,2.300,3.629,3.697,4.080,400,5040.1,57,1
2026-08-22T11:40:39.809Z,oit-nooit+msaa1-r2,/splat-data/oracle-run/geo-newdefault/tileset.json,orbit,4,400,1920,1080,1929318,3,10.700,11.716,12.800,1.000,1.424,2.400,3.791,3.863,4.229,400,5079.8,58,1
2026-08-22T11:59:47.511Z,scale-75-m4,/splat-data/oracle-run/geo-newdefault/tileset.json,orbit,4,400,1920,1080,1929318,3,10.800,11.721,12.500,1.000,1.503,2.500,3.822,3.878,4.279,400,5048.2,57,1
2026-08-22T12:26:41.449Z,scale-100-m4,/splat-data/oracle-run/geo-newdefault/tileset.json,orbit,4,400,1920,1080,1929318,3,11.000,11.993,12.900,0.900,1.436,2.400,4.097,4.154,4.540,400,4934.5,57,1
2026-08-22T12:27:04.964Z,scale-100-m1,/splat-data/oracle-run/geo-newdefault/tileset.json,orbit,4,400,1920,1080,1929318,3,10.500,11.494,12.200,1.000,1.482,2.500,3.707,3.774,4.126,400,4967.5,57,1
2026-08-22T12:27:34.058Z,scale-75-m4,/splat-data/oracle-run/geo-newdefault/tileset.json,orbit,4,400,1920,1080,1929318,3,10.700,11.728,12.800,1.000,1.463,2.400,3.761,3.870,4.200,400,5058.3,58,1
2026-08-22T12:27:55.559Z,scale-75-m1,/splat-data/oracle-run/geo-newdefault/tileset.json,orbit,4,400,1920,1080,1929318,3,10.100,10.846,11.900,0.900,1.399,2.400,3.359,3.195,3.851,400,4821.0,53,1
2026-08-22T12:28:23.461Z,scale-50-m4,/splat-data/oracle-run/geo-newdefault/tileset.json,orbit,4,400,1920,1080,1929318,3,10.300,10.991,11.900,0.900,1.435,2.400,3.285,3.150,3.785,400,5066.3,54,1
2026-08-22T12:28:45.885Z,scale-50-m1,/splat-data/oracle-run/geo-newdefault/tileset.json,orbit,4,400,1920,1080,1886507,3,9.700,10.788,11.700,0.900,1.571,2.300,2.560,2.612,3.272,400,5003.9,51,2
2026-08-22T12:29:14.116Z,scale-25-m4,/splat-data/oracle-run/geo-newdefault/tileset.json,orbit,4,400,1920,1080,1929318,3,9.300,9.962,11.000,1.000,1.425,2.400,2.284,2.095,2.813,400,5036.5,53,1
2026-08-22T12:29:36.467Z,scale-25-m1,/splat-data/oracle-run/geo-newdefault/tileset.json,orbit,4,400,1920,1080,1929318,3,8.300,9.698,12.400,0.900,1.364,2.300,1.075,1.666,3.081,400,4845.6,50,1
2026-08-22T12:30:09.815Z,scale-10-m4,/splat-data/oracle-run/geo-newdefault/tileset.json,orbit,4,400,1920,1080,1929318,3,10.700,12.031,13.500,1.000,1.460,2.400,2.520,2.812,3.815,400,5090.8,58,1
2026-08-22T12:30:33.118Z,scale-10-m1,/splat-data/oracle-run/geo-newdefault/tileset.json,orbit,4,400,1920,1080,1929318,3,9.500,10.691,12.900,0.900,1.358,2.300,1.460,1.784,2.723,400,5073.3,53,1
2026-08-22T13:04:01.436Z,s3-p1-f100-m4,/splat-data/oracle-run/geo-newdefault/tileset.json,orbit,4,400,1920,1080,1929318,3,11.000,11.971,12.700,1.000,1.438,2.500,4.104,4.162,4.547,400,5042.9,57,1
2026-08-22T13:04:24.155Z,s3-p1-f100-m1,/splat-data/oracle-run/geo-newdefault/tileset.json,orbit,4,400,1920,1080,1929318,3,10.700,11.478,12.300,0.900,1.381,2.300,3.754,3.819,4.235,400,4894.8,57,1
2026-08-22T13:04:52.982Z,s3-p1-f75-m4,/splat-data/oracle-run/geo-newdefault/tileset.json,orbit,4,400,1920,1080,1929318,3,10.300,11.268,12.000,0.900,1.411,2.300,3.652,3.735,4.089,400,4846.8,57,1
2026-08-22T13:05:15.438Z,s3-p1-f75-m1,/splat-data/oracle-run/geo-newdefault/tileset.json,orbit,4,400,1920,1080,1929318,3,10.200,10.946,12.000,1.000,1.414,2.400,3.421,3.319,3.912,400,4860.6,55,1
2026-08-22T13:05:44.304Z,s3-p1-f50-m4,/splat-data/oracle-run/geo-newdefault/tileset.json,orbit,4,400,1920,1080,1929318,3,10.600,11.278,12.200,0.900,1.402,2.300,3.455,3.393,3.908,400,4872.8,58,1
2026-08-22T13:06:05.536Z,s3-p1-f50-m1,/splat-data/oracle-run/geo-newdefault/tileset.json,orbit,4,400,1920,1080,1929318,3,9.800,10.431,11.500,0.900,1.383,2.300,2.835,2.618,3.325,400,4968.5,54,1
2026-08-22T13:09:43.536Z,s3-p1-f25-m4,/splat-data/oracle-run/geo-newdefault/tileset.json,orbit,4,400,1920,1080,1929318,3,8.700,9.916,12.200,0.900,1.375,2.300,1.573,1.912,4.021,400,5035.2,51,1
2026-08-22T13:10:06.571Z,s3-p1-f25-m1,/splat-data/oracle-run/geo-newdefault/tileset.json,orbit,4,400,1920,1080,1929318,3,11.000,12.095,13.400,1.000,1.466,2.400,2.883,3.145,4.195,400,4936.3,58,1
2026-08-22T13:10:39.915Z,s3-p1-f10-m4,/splat-data/oracle-run/geo-newdefault/tileset.json,orbit,4,400,1920,1080,1886507,3,17.000,19.078,23.000,1.800,2.396,4.100,2.726,3.430,5.664,400,5583.0,54,1
2026-08-22T13:14:22.724Z,s3-p1-f10-m1,/splat-data/oracle-run/geo-newdefault/tileset.json,orbit,4,400,1920,1080,1886507,3,19.300,21.711,26.400,1.600,2.798,5.000,2.968,3.745,5.488,400,8406.0,59,2
2026-08-22T13:15:14.809Z,clocktest,/splat-data/oracle-run/geo-newdefault/tileset.json,orbit,4,300,1920,1080,1929318,3,12.300,13.472,14.500,1.000,1.650,2.500,5.189,5.271,5.638,300,5139.4,50,1
2026-08-22T13:17:05.065Z,clocktest1900,/splat-data/oracle-run/geo-newdefault/tileset.json,orbit,4,600,1920,1080,1877483,3,10.900,11.930,12.700,1.000,1.457,2.400,4.113,4.201,4.558,600,4974.0,85,2
2026-08-22T13:19:44.621Z,fin-p1-f100-m4,/splat-data/oracle-run/geo-newdefault/tileset.json,orbit,4,400,1920,1080,1929318,3,11.000,11.964,12.900,1.000,1.437,2.400,4.220,4.285,4.687,400,4978.9,57,1
2026-08-22T13:20:06.718Z,fin-p1-f100-m1,/splat-data/oracle-run/geo-newdefault/tileset.json,orbit,4,400,1920,1080,1929318,3,9.800,10.712,11.400,0.900,1.279,2.300,3.207,3.261,3.637,400,4946.0,53,1
2026-08-22T13:20:34.706Z,fin-p1-f75-m4,/splat-data/oracle-run/geo-newdefault/tileset.json,orbit,4,400,1920,1080,1929318,3,10.000,10.884,11.600,1.000,1.420,2.400,3.050,3.139,3.480,400,4939.5,57,1
2026-08-22T13:20:56.394Z,fin-p1-f75-m1,/splat-data/oracle-run/geo-newdefault/tileset.json,orbit,4,400,1920,1080,1929318,3,8.900,9.797,10.400,0.900,1.336,2.200,2.317,2.398,2.732,400,4984.2,50,1
2026-08-22T13:21:23.613Z,fin-p1-f50-m4,/splat-data/oracle-run/geo-newdefault/tileset.json,orbit,4,400,1920,1080,1923645,3,8.700,10.196,11.200,1.000,1.617,2.400,2.011,2.125,2.429,400,4973.3,47,2
2026-08-22T13:21:45.338Z,fin-p1-f50-m1,/splat-data/oracle-run/geo-newdefault/tileset.json,orbit,4,400,1920,1080,1923645,3,8.400,9.924,11.000,1.000,1.652,2.400,1.511,1.624,1.931,400,4971.2,47,2
2026-08-22T13:22:12.078Z,fin-p1-f25-m4,/splat-data/oracle-run/geo-newdefault/tileset.json,orbit,4,400,1920,1080,1886507,3,7.900,8.838,9.800,1.000,1.428,2.300,1.082,1.132,1.518,400,5004.5,45,1
2026-08-22T13:22:32.411Z,fin-p1-f25-m1,/splat-data/oracle-run/geo-newdefault/tileset.json,orbit,4,400,1920,1080,1886507,3,7.500,8.477,9.600,0.900,1.358,2.300,0.779,0.836,1.206,400,4914.8,44,1
2026-08-22T13:22:58.438Z,fin-p1-f10-m4,/splat-data/oracle-run/geo-newdefault/tileset.json,orbit,4,400,1920,1080,1886507,3,7.200,8.145,9.200,0.900,1.299,2.200,0.572,0.645,0.997,400,5050.5,41,1
2026-08-22T13:23:18.933Z,fin-p1-f10-m1,/splat-data/oracle-run/geo-newdefault/tileset.json,orbit,4,400,1920,1080,1886507,3,7.100,8.024,9.500,0.900,1.292,2.300,0.373,0.440,0.795,400,4960.7,38,1
2026-08-22T13:23:44.937Z,fin-p1-f1-m4,/splat-data/oracle-run/geo-newdefault/tileset.json,orbit,4,400,1920,1080,1886507,3,7.200,8.108,9.600,1.000,1.380,2.400,0.335,0.406,0.756,400,4857.1,41,1
2026-08-22T13:24:05.687Z,fin-p1-f1-m1,/splat-data/oracle-run/geo-newdefault/tileset.json,orbit,4,400,1920,1080,1886507,3,7.100,8.066,9.400,0.900,1.324,2.300,0.166,0.237,0.595,400,4901.7,41,1
2026-08-22T13:24:34.721Z,fin-p2-f100-m4,/splat-data/oracle-run/geo-newdefault/tileset.json,orbit,4,400,1920,1080,1929318,3,10.900,11.909,12.500,0.900,1.399,2.400,4.231,4.300,4.678,400,4825.3,58,1
2026-08-22T13:24:57.517Z,fin-p2-f100-m1,/splat-data/oracle-run/geo-newdefault/tileset.json,orbit,4,400,1920,1080,1929318,3,10.000,10.957,11.900,1.000,1.455,2.400,3.194,3.261,3.622,400,4886.2,57,1
2026-08-22T13:25:25.871Z,fin-p2-f75-m4,/splat-data/oracle-run/geo-newdefault/tileset.json,orbit,4,400,1920,1080,1929318,3,9.900,10.787,11.500,0.900,1.402,2.300,3.055,3.144,3.486,400,4958.2,57,1
2026-08-22T13:25:47.666Z,fin-p2-f75-m1,/splat-data/oracle-run/geo-newdefault/tileset.json,orbit,4,400,1920,1080,1929318,3,9.100,10.030,10.900,0.900,1.335,2.300,2.327,2.406,2.738,400,4959.9,50,1
2026-08-22T13:26:14.473Z,fin-p2-f50-m4,/splat-data/oracle-run/geo-newdefault/tileset.json,orbit,4,400,1920,1080,1929318,3,8.900,9.779,10.300,0.900,1.354,2.400,2.014,2.101,2.428,400,4910.8,50,1
2026-08-22T13:26:35.388Z,fin-p2-f50-m1,/splat-data/oracle-run/geo-newdefault/tileset.json,orbit,4,400,1920,1080,1886507,3,8.200,9.096,10.300,0.900,1.372,2.300,1.523,1.598,1.935,400,5001.9,45,1
2026-08-22T13:27:02.144Z,fin-p2-f25-m4,/splat-data/oracle-run/geo-newdefault/tileset.json,orbit,4,400,1920,1080,1886507,3,7.700,8.577,9.600,0.900,1.267,2.200,1.084,1.133,1.514,400,4979.8,45,1
2026-08-22T13:27:22.472Z,fin-p2-f25-m1,/splat-data/oracle-run/geo-newdefault/tileset.json,orbit,4,400,1920,1080,1886507,3,7.500,8.391,10.000,0.900,1.336,2.300,0.783,0.839,1.207,400,4938.4,42,1
2026-08-22T13:27:48.853Z,fin-p2-f10-m4,/splat-data/oracle-run/geo-newdefault/tileset.json,orbit,4,400,1920,1080,1886507,3,7.300,8.149,9.200,0.900,1.325,2.200,0.572,0.646,0.999,400,5022.1,42,1
2026-08-22T13:28:09.843Z,fin-p2-f10-m1,/splat-data/oracle-run/geo-newdefault/tileset.json,orbit,4,400,1920,1080,1886507,3,7.300,8.094,9.200,0.900,1.359,2.200,0.371,0.443,0.792,400,4959.5,42,1
2026-08-22T13:28:36.085Z,fin-p2-f1-m4,/splat-data/oracle-run/geo-newdefault/tileset.json,orbit,4,400,1920,1080,1886507,3,7.000,7.942,9.300,0.900,1.341,2.200,0.336,0.405,0.758,400,4935.7,40,1
2026-08-22T13:28:56.742Z,fin-p2-f1-m1,/splat-data/oracle-run/geo-newdefault/tileset.json,orbit,4,400,1920,1080,1886507,3,7.000,7.986,9.400,0.900,1.356,2.300,0.167,0.235,0.593,400,4801.0,40,1
2026-08-22T13:29:25.796Z,fin-p3-f100-m4,/splat-data/oracle-run/geo-newdefault/tileset.json,orbit,4,400,1920,1080,1929318,3,11.200,12.130,13.000,0.900,1.387,2.300,4.230,4.298,4.676,400,4947.2,60,1
2026-08-22T13:29:48.472Z,fin-p3-f100-m1,/splat-data/oracle-run/geo-newdefault/tileset.json,orbit,4,400,1920,1080,1929318,3,10.400,11.059,11.700,1.000,1.495,2.400,3.194,3.263,3.629,400,4923.9,57,1
2026-08-22T13:30:16.714Z,fin-p3-f75-m4,/splat-data/oracle-run/geo-newdefault/tileset.json,orbit,4,400,1920,1080,1929318,3,10.100,11.044,11.600,1.000,1.421,2.300,3.060,3.146,3.490,400,4948.4,57,1
2026-08-22T13:30:38.248Z,fin-p3-f75-m1,/splat-data/oracle-run/geo-newdefault/tileset.json,orbit,4,400,1920,1080,1929318,3,9.200,10.123,10.900,1.000,1.427,2.400,2.329,2.409,2.748,400,4864.8,51,1
2026-08-22T13:31:05.979Z,fin-p3-f50-m4,/splat-data/oracle-run/geo-newdefault/tileset.json,orbit,4,400,1920,1080,1929318,3,8.700,9.608,10.300,0.900,1.347,2.300,2.022,2.107,2.434,400,5017.0,48,1
2026-08-22T13:31:27.044Z,fin-p3-f50-m1,/splat-data/oracle-run/geo-newdefault/tileset.json,orbit,4,400,1920,1080,1886507,3,8.300,9.192,10.000,0.900,1.348,2.300,1.526,1.602,1.935,400,5035.8,46,1
2026-08-22T13:31:52.401Z,fin-p3-f25-m4,/splat-data/oracle-run/geo-newdefault/tileset.json,orbit,4,400,1920,1080,1886507,3,7.700,8.604,9.400,0.900,1.344,2.300,1.084,1.131,1.514,400,4881.5,44,1
2026-08-22T13:32:13.012Z,fin-p3-f25-m1,/splat-data/oracle-run/geo-newdefault/tileset.json,orbit,4,400,1920,1080,1886507,3,7.600,8.521,9.700,1.000,1.376,2.400,0.780,0.839,1.204,400,4983.5,44,1
2026-08-22T13:32:38.823Z,fin-p3-f10-m4,/splat-data/oracle-run/geo-newdefault/tileset.json,orbit,4,400,1920,1080,1886507,3,7.400,8.295,9.400,0.900,1.369,2.400,0.573,0.645,0.997,400,5033.5,40,1
2026-08-22T13:32:59.561Z,fin-p3-f10-m1,/splat-data/oracle-run/geo-newdefault/tileset.json,orbit,4,400,1920,1080,1886507,3,7.000,7.926,9.100,0.900,1.311,2.300,0.374,0.442,0.796,400,4966.8,38,1
2026-08-22T13:33:25.791Z,fin-p3-f1-m4,/splat-data/oracle-run/geo-newdefault/tileset.json,orbit,4,400,1920,1080,1886507,3,7.100,8.056,9.400,0.900,1.291,2.300,0.336,0.406,0.757,400,5056.8,40,1
2026-08-22T13:33:46.499Z,fin-p3-f1-m1,/splat-data/oracle-run/geo-newdefault/tileset.json,orbit,4,400,1920,1080,1886507,3,7.000,7.945,9.400,0.900,1.367,2.300,0.166,0.235,0.594,400,4980.0,39,1
2026-08-22T13:34:09.060Z,fin-nodraw-1280x720-m4,/splat-data/oracle-run/geo-newdefault/tileset.json,orbit,4,400,1280,720,1840345,3,3.400,3.612,5.000,0.400,0.502,1.600,0.056,0.057,0.057,400,4357.2,24,0
2026-08-22T13:34:26.127Z,fin-nodraw-1280x720-m1,/splat-data/oracle-run/geo-newdefault/tileset.json,orbit,4,400,1280,720,1840345,3,3.300,3.488,4.600,0.400,0.503,1.600,0.029,0.029,0.029,400,4300.3,22,0
2026-08-22T13:34:47.041Z,fin-nodraw-1920x1080-m4,/splat-data/oracle-run/geo-newdefault/tileset.json,orbit,4,400,1920,1080,1886507,3,6.900,7.746,9.200,0.800,1.274,2.200,0.111,0.111,0.113,400,4965.3,40,1
2026-08-22T13:35:08.060Z,fin-nodraw-1920x1080-m1,/splat-data/oracle-run/geo-newdefault/tileset.json,orbit,4,400,1920,1080,1886507,3,6.900,7.743,9.100,0.800,1.234,2.200,0.061,0.061,0.062,400,4963.1,37,1
2026-08-22T13:35:34.837Z,fin-nodraw-2560x1440-m4,/splat-data/oracle-run/geo-newdefault/tileset.json,orbit,4,400,2560,1440,2940991,3,14.700,16.502,16.700,1.100,2.047,3.300,0.204,0.203,0.211,400,7988.5,50,1
2026-08-22T13:36:01.238Z,fin-nodraw-2560x1440-m1,/splat-data/oracle-run/geo-newdefault/tileset.json,orbit,4,400,2560,1440,2940991,3,14.600,14.867,16.600,1.100,1.347,3.300,0.111,0.111,0.118,400,7608.0,51,0
2026-08-22T13:39:30.385Z,al-p1-base,/splat-data/oracle-run/geo-newdefault/tileset.json,orbit,4,400,1920,1080,1929318,3,11.100,11.966,12.900,1.000,1.433,2.400,4.231,4.300,4.698,400,5007.8,58,1
2026-08-22T13:39:59.134Z,al-p1-no-sh,/splat-data/oracle-run/geo-newdefault/tileset.json,orbit,4,400,1920,1080,1929318,3,10.900,11.880,12.700,1.000,1.430,2.400,4.186,4.227,4.637,400,4919.9,58,1
2026-08-22T13:40:26.048Z,al-p1-tiny-quads,/splat-data/oracle-run/geo-newdefault/tileset.json,orbit,4,400,1920,1080,1929318,3,9.600,10.534,11.400,0.900,1.362,2.300,2.978,3.005,3.411,400,5024.1,54,1
2026-08-22T13:40:52.020Z,al-p1-no-sh-tiny-quads,/splat-data/oracle-run/geo-newdefault/tileset.json,orbit,4,400,1920,1080,1929318,3,8.500,9.487,10.300,0.900,1.398,2.300,1.750,1.774,2.183,400,4986.2,49,1
2026-08-22T13:41:18.351Z,al-p1-pos-only,/splat-data/oracle-run/geo-newdefault/tileset.json,orbit,4,400,1920,1080,1923645,3,8.400,9.796,10.400,1.000,1.590,2.300,1.746,1.774,2.178,400,5008.2,47,2
2026-08-22T13:41:44.915Z,al-p1-null,/splat-data/oracle-run/geo-newdefault/tileset.json,orbit,4,400,1920,1080,1886507,3,8.500,9.249,9.900,0.900,1.372,2.300,1.581,1.587,2.013,400,4949.8,45,1
2026-08-22T13:42:14.868Z,al-p1-index,/splat-data/oracle-run/geo-newdefault/tileset.json,orbit,4,400,1920,1080,1886507,3,14.000,15.744,21.600,1.600,2.311,4.300,1.743,1.761,2.207,400,5156.0,45,1
2026-08-22T13:42:48.119Z,al-p2-base,/splat-data/oracle-run/geo-newdefault/tileset.json,orbit,4,400,1920,1080,1929318,3,11.300,12.207,13.200,1.000,1.445,2.400,4.239,4.305,4.678,400,4932.4,57,1
2026-08-22T13:43:17.699Z,al-p2-no-sh,/splat-data/oracle-run/geo-newdefault/tileset.json,orbit,4,400,1920,1080,1929318,3,12.700,15.196,21.900,1.200,1.908,3.100,4.186,4.233,4.640,400,4933.4,61,1
2026-08-22T13:43:46.450Z,al-p2-tiny-quads,/splat-data/oracle-run/geo-newdefault/tileset.json,orbit,4,400,1920,1080,1929318,3,10.300,11.019,12.000,1.100,1.515,2.500,2.976,2.999,3.413,400,4956.5,54,1
2026-08-22T13:44:13.919Z,al-p2-no-sh-tiny-quads,/splat-data/oracle-run/geo-newdefault/tileset.json,orbit,4,400,1920,1080,1929318,3,8.400,9.472,10.100,0.900,1.588,2.300,1.751,1.775,2.183,400,4952.5,47,2
2026-08-22T13:44:40.841Z,al-p2-pos-only,/splat-data/oracle-run/geo-newdefault/tileset.json,orbit,4,400,1920,1080,1929318,3,9.000,10.344,17.700,1.100,1.578,2.500,1.746,1.768,2.179,400,4702.7,48,1
2026-08-22T13:46:43.526Z,al-p2-null,/splat-data/oracle-run/geo-newdefault/tileset.json,orbit,4,400,1920,1080,1929318,3,99.400,107.148,134.400,5.200,11.299,32.800,1.503,1.773,3.771,400,39246.5,44,1
2026-08-22T13:47:37.154Z,al-p2-index,/splat-data/oracle-run/geo-newdefault/tileset.json,orbit,4,400,1920,1080,1923645,3,13.600,14.899,18.000,1.200,1.974,4.500,1.710,1.773,2.367,400,10449.0,37,1
2026-08-22T15:17:21.244Z,shd-p1-d3,/splat-data/oracle-run/geo-newdefault/tileset.json,orbit,4,400,1920,1080,1929318,3,11.300,12.148,13.200,1.000,1.442,2.500,4.223,4.296,4.673,400,4961.1,60,1
2026-08-22T15:17:49.713Z,shd-p1-d2,/splat-data/oracle-run/geo-newdefault/tileset.json,orbit,4,400,1920,1080,1929318,3,11.100,12.095,13.000,1.000,1.441,2.400,4.209,4.277,4.662,400,4976.9,59,1
2026-08-22T15:18:17.729Z,shd-p1-d1,/splat-data/oracle-run/geo-newdefault/tileset.json,orbit,4,400,1920,1080,1929318,3,11.200,12.174,12.900,1.000,1.458,2.500,4.212,4.275,4.669,400,4929.2,57,1
2026-08-22T15:18:46.616Z,shd-p1-d0,/splat-data/oracle-run/geo-newdefault/tileset.json,orbit,4,400,1920,1080,1929318,3,11.100,12.036,12.900,1.000,1.428,2.400,4.215,4.270,4.658,400,4925.9,58,1
2026-08-22T15:19:15.206Z,shd-p2-d3,/splat-data/oracle-run/geo-newdefault/tileset.json,orbit,4,400,1920,1080,1929318,3,11.000,12.012,12.700,0.900,1.415,2.300,4.280,4.351,4.751,400,4896.2,60,2
2026-08-22T15:19:43.808Z,shd-p2-d2,/splat-data/oracle-run/geo-newdefault/tileset.json,orbit,4,400,1920,1080,1929318,3,11.100,11.989,12.900,1.000,1.417,2.400,4.233,4.300,4.700,400,4904.4,58,1
2026-08-22T15:20:10.734Z,shd-p2-d1,/splat-data/oracle-run/geo-newdefault/tileset.json,orbit,4,400,1920,1080,1929318,3,10.900,11.834,12.700,1.000,1.424,2.400,4.224,4.287,4.682,400,4853.0,59,1
2026-08-22T15:20:38.929Z,shd-p2-d0,/splat-data/oracle-run/geo-newdefault/tileset.json,orbit,4,400,1920,1080,1929318,3,11.500,12.340,13.100,1.000,1.507,2.500,4.213,4.271,4.657,400,4787.0,57,1
2026-08-23T21:39:31.491Z,orbit-fixed,/splat-data/oracle-run/geo-newdefault/tileset.json,orbit,4,400,1920,1080,1886507,3,11.200,13.727,19.200,1.000,2.045,2.600,4.194,4.370,4.639,400,5127.0,59,4
2026-08-23T21:40:55.135Z,ab-base-1,/splat-data/oracle-run/geo-newdefault/tileset.json,orbit,4,400,1920,1080,1929318,3,11.100,11.959,12.700,1.000,1.468,2.500,4.255,4.330,4.720,400,4772.0,57,1
2026-08-23T21:41:08.006Z,ab-base-2,/splat-data/oracle-run/geo-newdefault/tileset.json,orbit,4,400,1920,1080,1929318,3,11.000,11.926,12.700,0.900,1.409,2.400,4.282,4.360,4.733,400,4796.4,57,1
2026-08-23T21:41:28.195Z,ab-fix-1,/splat-data/oracle-run/geo-newdefault/tileset.json,orbit,4,400,1920,1080,1886507,3,11.200,13.720,17.100,1.000,2.113,2.600,4.241,4.415,4.695,400,5227.9,61,4
2026-08-23T21:41:42.946Z,ab-fix-2,/splat-data/oracle-run/geo-newdefault/tileset.json,orbit,4,400,1920,1080,1886507,3,11.800,14.146,19.100,1.100,2.217,2.700,4.259,4.433,4.714,400,4707.9,62,4
2026-08-23T22:01:53.677Z,rg-orbit-1,/splat-data/oracle-run/geo-newdefault/tileset.json,orbit,4,400,1920,1080,1929318,3,11.600,12.512,13.200,1.000,1.501,2.500,4.493,4.605,5.004,400,4982.8,65,1
2026-08-23T22:02:06.833Z,rg-orbit-2,/splat-data/oracle-run/geo-newdefault/tileset.json,orbit,4,400,1920,1080,1929318,3,11.900,12.637,13.300,1.000,1.473,2.300,4.683,4.751,5.210,400,4990.0,63,1
2026-08-23T22:04:57.324Z,np-orbit-1,/splat-data/oracle-run/geo-newdefault/tileset.json,orbit,4,400,1920,1080,1929318,3,11.700,12.606,13.400,1.000,1.474,2.400,4.761,4.783,5.284,400,5036.8,63,1
2026-08-23T22:05:11.565Z,np-orbit-2,/splat-data/oracle-run/geo-newdefault/tileset.json,orbit,4,400,1920,1080,1929318,3,11.700,12.682,13.700,1.000,1.499,2.400,4.666,4.764,5.242,400,4966.5,62,1
2026-08-23T22:06:40.920Z,il-base-1,/splat-data/oracle-run/geo-newdefault/tileset.json,orbit,4,400,1920,1080,1929318,3,11.800,12.385,13.300,1.100,1.533,2.500,4.253,4.333,4.716,400,4733.7,62,1
2026-08-23T22:06:55.297Z,il-fix-1,/splat-data/oracle-run/geo-newdefault/tileset.json,orbit,4,400,1920,1080,1929318,3,11.200,12.025,12.900,1.000,1.446,2.400,4.271,4.356,4.733,400,5041.4,58,1
2026-08-23T22:07:09.327Z,il-base-2,/splat-data/oracle-run/geo-newdefault/tileset.json,orbit,4,400,1920,1080,1929318,3,11.300,12.100,13.000,1.000,1.480,2.500,4.311,4.386,4.766,400,4726.7,57,1
2026-08-23T22:07:24.181Z,il-fix-2,/splat-data/oracle-run/geo-newdefault/tileset.json,orbit,4,400,1920,1080,1929318,3,11.300,12.348,13.300,1.000,1.432,2.400,4.378,4.505,4.903,400,5017.1,62,1
2026-08-23T22:07:38.391Z,il-base-3,/splat-data/oracle-run/geo-newdefault/tileset.json,orbit,4,400,1920,1080,1929318,3,11.500,12.410,13.200,1.000,1.449,2.400,4.441,4.552,4.929,400,4816.2,62,1
2026-08-23T22:07:52.168Z,il-fix-3,/splat-data/oracle-run/geo-newdefault/tileset.json,orbit,4,400,1920,1080,1929318,3,11.600,12.448,13.400,1.000,1.478,2.500,4.619,4.682,5.135,400,5046.6,60,1
